【おいしいタピオカ】当店名物|Signature tapioca drinks|招牌珍珠饮品|招牌珍珠飲品|시그니처 타피오카 음료|Đồ uống trân châu đặc trưng|विशेष टापिओका पेय
職人仕立てのクラフトミルク|Craft milk drinks|手作牛奶饮品|手作鮮奶飲品|수제 밀크 음료|Sữa thủ công|हस्तनिर्मित दूधका पेय
個性がきらめくオリジナルフラッペ|Original frappes|特色冰沙|特色冰沙|오리지널 프라페|Frappe đặc trưng|विशेष फ्रापे
特別仕立ての自家製チーズティー|House-made cheese tea|自制奶盖茶|自製奶蓋茶|수제 치즈 티|Trà kem phô mai tự làm|घरमै बनाइएको चीज चिया
店内抽出のタピオカティー|Fresh-brewed tapioca tea|现萃珍珠茶|現萃珍珠茶|매장에서 우린 타피오카 티|Trà trân châu pha tại cửa hàng|पसलमै बनाइएको टापिओका चिया
完熟果実のスムージー|Ripe fruit smoothies|熟果思慕雪|熟果思慕雪|완숙 과일 스무디|Sinh tố trái cây chín|पाकेका फलफूलको स्मूदी
香り豊かなスペシャルドリンク|Aromatic special drinks|香醇特调饮品|香醇特調飲品|향긋한 스페셜 음료|Đồ uống đặc biệt thơm ngon|सुगन्धित विशेष पेय
オリジナルティーエード|Original tea ades|特色果味茶|特色果味茶|오리지널 티 에이드|Trà trái cây đặc trưng|विशेष टी एड
【名門農園品】特選ラテ|Selected estate lattes|精选茶园拿铁|精選茶園拿鐵|엄선한 농원 라테|Latte từ nông trại tuyển chọn|चयनित बगानका लाटे
フード|Food|食品|餐點|푸드|Đồ ăn|खाना
期間限定品|Limited-time specials|期间限定|期間限定|기간 한정|Ưu đãi theo mùa|सीमित अवधिका विशेष वस्तु
タピオカコーヒー|Tapioca coffee|珍珠咖啡|珍珠咖啡|타피오카 커피|Cà phê trân châu|टापिओका कफी
Tea & Coffee|Tea & Coffee|茶与咖啡|茶與咖啡|차와 커피|Trà & Cà phê|चिया र कफी
とろとろ国産豚なんこつ麻辣串|Tender Japanese pork cartilage mala skewers|软嫩日本猪软骨麻辣串|軟嫩日本豬軟骨麻辣串|부드러운 일본산 돼지 연골 마라 꼬치|Xiên sụn heo Nhật mềm vị mala|नरम जापानी सुँगुरको कुरकुरे हाडको माला स्क्युअर
海老カクテルマーラータン|Shrimp cocktail malatang|鲜虾麻辣烫|鮮蝦麻辣燙|새우 칵테일 마라탕|Malatang tôm cocktail|श्रिम्प ककटेल मालाताङ
【自由にカスタム】汁無しカップマーラータン|Build-your-own dry malatang cup|自选干拌杯装麻辣烫|自選乾拌杯裝麻辣燙|내 맘대로 고르는 국물 없는 컵 마라탕|Malatang khô dạng cốc tùy chọn|आफ्नो रोजाइको झोलरहित कप मालाताङ
３種の特選団子麻辣串|Three selected dumpling mala skewers|三种精选丸子麻辣串|三種精選丸子麻辣串|엄선한 완자 3종 마라 꼬치|Xiên mala ba loại viên tuyển chọn|तीन प्रकारका चयनित डम्प्लिङ माला स्क्युअर
山盛りポテトマーラータン|Malatang with a generous serving of potatoes|满满土豆麻辣烫|滿滿馬鈴薯麻辣燙|감자 듬뿍 마라탕|Malatang đầy khoai tây|प्रशस्त आलु भएको मालाताङ
サイズ|Size|规格|規格|사이즈|Kích cỡ|आकार
オプション|Options|选项|選項|옵션|Tùy chọn|विकल्प
甘さ|Sweetness|甜度|甜度|당도|Độ ngọt|गुलियोपन
温度|Temperature|温度|溫度|온도|Nhiệt độ|तापक्रम
氷|Ice|冰量|冰量|얼음|Đá|बरफ
トッピング|Toppings|配料|配料|토핑|Topping|टपिङ
ザクザクオレオ追加|Add crunchy Oreo|加脆脆奥利奥|加酥脆 Oreo|바삭한 오레오 추가|Thêm Oreo giòn|कुरकुरे Oreo थप्नुहोस्
濃厚リッチにご褒美カスタム|Rich indulgent extras|浓郁升级选项|濃郁升級選項|진한 맛 추가 옵션|Tùy chọn thêm vị đậm đà|गाढा स्वादका थप विकल्प
高品質なエスプレッソで作った珈琲ジェリーのトッピングはいかがでしょうか？|Add premium espresso coffee jelly|加精选浓缩咖啡冻|加精選濃縮咖啡凍|고급 에스프레소 커피 젤리 추가|Thêm thạch cà phê espresso cao cấp|उत्कृष्ट एस्प्रेसो कफी जेली थप्नुहोस्
プレミアムトッピング|Premium toppings|精选配料|精選配料|프리미엄 토핑|Topping cao cấp|प्रिमियम टपिङ
バージョン|Version|版本|版本|버전|Phiên bản|संस्करण
癖になる食感|Extra texture|丰富口感|豐富口感|식감 추가|Thêm kết cấu thú vị|थप स्वादिलो बनावट
タンパク質を補給する|Add protein|加蛋白质|加蛋白質|단백질 추가|Thêm protein|प्रोटिन थप्नुहोस्
トッピング抜き|Remove toppings|去除配料|去除配料|토핑 빼기|Bỏ topping|टपिङ हटाउनुहोस्
ぷるぷる食感でご褒美タイム🥰|Jelly and pudding treats 🥰|果冻布丁加料 🥰|果凍布丁加料 🥰|탱글탱글 젤리와 푸딩 🥰|Thạch và pudding mềm mịn 🥰|जेली र पुडिङको स्वाद 🥰
ご一緒にお口直しのカットフルーツはいかがでしょうか？|Add refreshing cut fruit|加清爽鲜切水果|加清爽鮮切水果|상큼한 컷 과일 추가|Thêm trái cây cắt tươi mát|ताजा काटिएको फलफूल थप्नुहोस्
濃い抹茶カスタマイズ🍵|Extra matcha 🍵|加浓抹茶 🍵|加濃抹茶 🍵|진한 말차 추가 🍵|Thêm matcha đậm vị 🍵|थप गाढा माचा 🍵
スペシャルアレンジ|Special extras|特色加料|特色加料|스페셜 추가 옵션|Tùy chọn đặc biệt|विशेष थप विकल्प
追い練乳|Extra condensed milk|加炼乳|加煉乳|연유 추가|Thêm sữa đặc|कन्डेन्स्ड मिल्क थप्नुहोस्
ザクザクカスタマイズ|Crunchy extras|酥脆加料|酥脆加料|바삭한 추가 옵션|Topping giòn|कुरकुरे थप विकल्प
フルーツフレーバー追加|Add fruit flavor|加水果风味|加水果風味|과일 맛 추가|Thêm vị trái cây|फलफूलको स्वाद थप्नुहोस्
追い苺|Extra strawberry|加草莓|加草莓|딸기 추가|Thêm dâu tây|स्ट्रबेरी थप्नुहोस्
【エンドロールまでなくならない】全てを忘れる没入タイムに（通常のサイズ選択の欄はレギュラーにチェックをいれてください）|Extra-large upgrade (select Regular in the standard size field)|超大杯升级（常规规格请选择 Regular）|超大杯升級（一般規格請選 Regular）|초대용량 업그레이드 (기본 사이즈는 레귤러 선택)|Nâng cấp siêu lớn (chọn Regular ở mục kích cỡ thường)|अति ठूलो आकारमा अपग्रेड (सामान्य आकारमा Regular छान्नुहोस्)
プレミアム（濃厚さ・甘さ２倍）|Premium (double richness and sweetness)|浓郁版（浓度与甜度加倍）|濃郁版（濃度與甜度加倍）|프리미엄 (진함·당도 2배)|Cao cấp (đậm đà và ngọt gấp đôi)|प्रिमियम (गाढापन र गुलियोपन दोब्बर)
ライト（低カロリー）|Light (lower calorie)|轻盈版（低热量）|輕盈版（低熱量）|라이트 (저칼로리)|Nhẹ (ít calo)|लाइट (कम क्यालोरी)
ザクザクオレオ+|Extra crunchy Oreo|脆脆奥利奥+|酥脆 Oreo+|바삭한 오레오+|Oreo giòn thêm|थप कुरकुरे Oreo
クリームフォーム追加|Add cream foam|加奶盖|加奶蓋|크림 폼 추가|Thêm kem sữa|क्रिम फोम थप्नुहोस्
Regular（500ml）|Regular (500ml)|常规杯（500ml）|標準杯（500ml）|레귤러 (500ml)|Vừa (500ml)|मध्यम (500ml)
豆乳変更|Switch to soy milk|换豆奶|換豆漿|두유로 변경|Đổi sang sữa đậu nành|सोया दूधमा बदल्नुहोस्
ココナッツミルク変更|Switch to coconut milk|换椰奶|換椰奶|코코넛 밀크로 변경|Đổi sang sữa dừa|नरिवल दूधमा बदल्नुहोस्
アーモンドミルク変更|Switch to almond milk|换扁桃仁奶|換杏仁奶|아몬드 밀크로 변경|Đổi sang sữa hạnh nhân|बदाम दूधमा बदल्नुहोस्
ピーチ追加|Add peach|加桃子|加桃子|복숭아 추가|Thêm đào|आरु थप्नुहोस्
氷少なめ|Less ice|少冰|少冰|얼음 적게|Ít đá|कम बरफ
氷抜き|No ice|去冰|去冰|얼음 없이|Không đá|बरफ नराख्नुहोस्
氷標準|Regular ice|正常冰|正常冰|얼음 보통|Đá bình thường|सामान्य बरफ
温かい|Warm|温热|溫熱|따뜻하게|Ấm|तातो
シロップ100％（デフォルト） 100%|100% syrup (default)|100% 糖浆（默认）|100% 糖漿（預設）|시럽 100% (기본)|100% siro (mặc định)|100% सिरप (पूर्वनिर्धारित)
シロップ150% 150%|150% syrup|150% 糖浆|150% 糖漿|시럽 150%|150% siro|150% सिरप
シロップ50％ 50%|50% syrup|50% 糖浆|50% 糖漿|시럽 50%|50% siro|50% सिरप
シロップ0％ 0%|0% syrup|0% 糖浆|0% 糖漿|시럽 0%|0% siro|0% सिरप
粒々みかんジュレ🍊|Mandarin orange pulp jelly 🍊|橘子果粒冻 🍊|橘子果粒凍 🍊|귤 과육 젤리 🍊|Thạch quýt có tép 🍊|सुन्तलाका दानासहित जेली 🍊
極み濃厚マンゴープリン🥭|Rich mango pudding 🥭|浓郁芒果布丁 🥭|濃郁芒果布丁 🥭|진한 망고 푸딩 🥭|Pudding xoài đậm vị 🥭|गाढा आँप पुडिङ 🥭
フレッシュな生苺🍓|Fresh strawberry 🍓|新鲜草莓 🍓|新鮮草莓 🍓|신선한 딸기 🍓|Dâu tây tươi 🍓|ताजा स्ट्रबेरी 🍓
フレッシュな生パイナップル🍍|Fresh pineapple 🍍|新鲜菠萝 🍍|新鮮鳳梨 🍍|신선한 파인애플 🍍|Dứa tươi 🍍|ताजा भुइँकटहर 🍍
タピオカ追加|Add tapioca pearls|加珍珠|加珍珠|타피오카 추가|Thêm trân châu|टापिओका थप्नुहोस्
【特選品質】特製チーズフォーム追加|Add premium house-made cheese foam|加精选自制奶酪奶盖|加精選自製起司奶蓋|엄선한 수제 치즈 폼 추가|Thêm kem phô mai tự làm cao cấp|उत्कृष्ट घरमै बनाइएको चीज फोम थप्नुहोस्
とろ〜り濃厚国産練乳っ|Rich Japanese condensed milk|浓郁日本炼乳|濃郁日本煉乳|진한 일본산 연유|Sữa đặc Nhật đậm đà|गाढा जापानी कन्डेन्स्ड मिल्क
ホイップ抜き|No whipped cream|去鲜奶油|去鮮奶油|휘핑크림 빼기|Không kem tươi|ह्विप्ड क्रिम नराख्नुहोस्
タピオカ抜き|No tapioca pearls|去珍珠|去珍珠|타피오카 빼기|Không trân châu|टापिओका नराख्नुहोस्
【鬼練乳】濃厚国産練乳5倍|Japanese condensed milk ×5|日本浓郁炼乳 ×5|日本濃郁煉乳 ×5|진한 일본산 연유 5배|Sữa đặc Nhật đậm đà ×5|जापानी कन्डेन्स्ड मिल्क ×5
ゆず茶追加|Add yuzu tea|加柚子茶|加柚子茶|유자차 추가|Thêm trà yuzu|युजु चिया थप्नुहोस्
濃厚国産練乳3倍|Japanese condensed milk ×3|日本浓郁炼乳 ×3|日本濃郁煉乳 ×3|진한 일본산 연유 3배|Sữa đặc Nhật đậm đà ×3|जापानी कन्डेन्स्ड मिल्क ×3
オレオ大盛(2倍)|Oreo ×2|奥利奥 ×2|Oreo ×2|오레오 2배|Oreo ×2|Oreo ×2
オレオ特盛(3倍)|Oreo ×3|奥利奥 ×3|Oreo ×3|오레오 3배|Oreo ×3|Oreo ×3
【たっぷり】オレオメガ盛(5倍)|Oreo ×5|奥利奥 ×5|Oreo ×5|오레오 5배|Oreo ×5|Oreo ×5
たっぷりナタデココ|Extra nata de coco|多多椰果|多多椰果|나타드코코 듬뿍|Thạch dừa thêm nhiều|प्रशस्त नाटा दे कोको
グラスフェッドWPIホエイプロテイン20gを追加する|Add 20g grass-fed whey protein isolate|加 20g 草饲分离乳清蛋白|加 20g 草飼分離乳清蛋白|목초 사육 WPI 유청 단백질 20g 추가|Thêm 20g đạm whey cô lập từ bò ăn cỏ|घाँस खुवाइएका गाईको 20g वे प्रोटिन आइसोलेट थप्नुहोस्
Large（700ml）|Large (700ml)|大杯（700ml）|大杯（700ml）|라지 (700ml)|Lớn (700ml)|ठूलो (700ml)
濃厚国産練乳2倍|Japanese condensed milk ×2|日本浓郁炼乳 ×2|日本濃郁煉乳 ×2|진한 일본산 연유 2배|Sữa đặc Nhật đậm đà ×2|जापानी कन्डेन्स्ड मिल्क ×2
フレッシュな生キウイ🥝|Fresh kiwi 🥝|新鲜猕猴桃 🥝|新鮮奇異果 🥝|신선한 키위 🥝|Kiwi tươi 🥝|ताजा किवी 🥝
フレッシュな八朔（はっさく）|Fresh hassaku citrus|新鲜八朔柑橘|新鮮八朔柑橘|신선한 핫사쿠 감귤|Cam hassaku tươi|ताजा हास्साकु सुन्तला
クーベルチュールホワイトチョコ|White couverture chocolate|白色调温巧克力|白色調溫巧克力|화이트 쿠베르튀르 초콜릿|Sô-cô-la trắng couverture|सेतो कुभर्त्युर चकलेट
Small（360ml）|Small (360ml)|小杯（360ml）|小杯（360ml）|스몰 (360ml)|Nhỏ (360ml)|सानो (360ml)
自家製珈琲ジェリー|House-made coffee jelly|自制咖啡冻|自製咖啡凍|수제 커피 젤리|Thạch cà phê tự làm|घरमै बनाइएको कफी जेली
自家製珈琲ジェリー（ハーフ）|House-made coffee jelly (half portion)|自制咖啡冻（半份）|自製咖啡凍（半份）|수제 커피 젤리 (반 분량)|Thạch cà phê tự làm (nửa phần)|घरमै बनाइएको कफी जेली (आधा भाग)
濃厚マンゴーシロップ|Rich mango syrup|浓郁芒果糖浆|濃郁芒果糖漿|진한 망고 시럽|Siro xoài đậm vị|गाढा आँप सिरप
シロップ0％（デフォルト） 0%|0% syrup (default)|0% 糖浆（默认）|0% 糖漿（預設）|시럽 0% (기본)|0% siro (mặc định)|0% सिरप (पूर्वनिर्धारित)
シロップ100％ 100%|100% syrup|100% 糖浆|100% 糖漿|시럽 100%|100% siro|100% सिरप
苺果肉2倍|Strawberry pulp ×2|草莓果肉 ×2|草莓果肉 ×2|딸기 과육 2배|Thịt dâu tây ×2|स्ट्रबेरीको गुदी ×2
濃い抹茶|Extra-strong matcha|加浓抹茶|加濃抹茶|진한 말차|Matcha đậm vị|थप गाढा माचा
きな粉+|Extra roasted soybean flour|加黄豆粉|加黃豆粉|콩가루 추가|Thêm bột đậu nành rang|थप भुटेको भटमासको पिठो
特製黒蜜追加|Add special brown sugar syrup|加特制黑糖蜜|加特製黑糖蜜|특제 흑당 시럽 추가|Thêm siro đường đen đặc biệt|विशेष ब्राउन सुगर सिरप थप्नुहोस्
【約1リットル】オメガギガント|Omega Gigant (about 1 litre)|超大杯（约 1 升）|超大杯（約 1 公升）|오메가 기간트 (약 1리터)|Siêu lớn (khoảng 1 lít)|ओमेगा गिगान्ट (करिब 1 लिटर)
毎日のご自愛タイムに|A daily treat for yourself|每日犒赏自己|每日犒賞自己|매일 나를 위한 선물|Tự thưởng mỗi ngày|हरेक दिन आफ्नै लागि उपहार
爽やかなミントの香り|Refreshing mint aroma|清新薄荷香|清新薄荷香|상쾌한 민트 향|Hương bạc hà tươi mát|ताजा पुदिनाको सुगन्ध
ハイエンドな甘み革命|A luxurious sweet treat|奢享甜蜜|奢享甜蜜|고급스러운 달콤함|Vị ngọt cao cấp|विशेष मिठासको आनन्द
芳醇バニラのご褒美|A rich vanilla treat|香醇香草之选|香醇香草之選|풍부한 바닐라의 선물|Tự thưởng vị vani thơm ngậy|गाढा भेनिलाको स्वाद
数量限定品|Limited quantity|限量供应|限量供應|수량 한정|Số lượng có hạn|सीमित परिमाण
桃果肉入り|With peach pulp|含桃子果肉|含桃子果肉|복숭아 과육 함유|Có thịt đào|आरुको गुदीसहित
特選国産抹茶|Selected Japanese matcha|精选日本抹茶|精選日本抹茶|엄선한 일본산 말차|Matcha Nhật tuyển chọn|चयनित जापानी माचा
ホット可|Available hot|可选热饮|可選熱飲|따뜻하게 가능|Có thể chọn nóng|तातो पनि उपलब्ध
高級高糖度|Premium sweet flavor|精选香甜|精選香甜|프리미엄 달콤한 맛|Vị ngọt cao cấp|उत्कृष्ट गुलियो स्वाद
アッサム茶葉3倍|Triple Assam tea leaves|三倍阿萨姆茶叶|三倍阿薩姆茶葉|아삼 찻잎 3배|Lá trà Assam gấp ba|असम चियापत्ती तीन गुणा
ジャスミン茶葉3倍|Triple jasmine tea leaves|三倍茉莉茶叶|三倍茉莉茶葉|자스민 찻잎 3배|Lá trà lài gấp ba|चमेली चियापत्ती तीन गुणा
高級きなこ|Premium roasted soybean flour|精选黄豆粉|精選黃豆粉|고급 콩가루|Bột đậu nành rang cao cấp|उत्कृष्ट भुटेको भटमासको पिठो
一口で夢中ザクザクオレオ|Crunchy Oreo in every sip|一口爱上脆脆奥利奥|一口愛上酥脆 Oreo|한 모금에 반하는 바삭한 오레오|Oreo giòn cuốn hút từng ngụm|हरेक घुट्कोमा कुरकुरे Oreo
累計2万杯超え|Over 20,000 cups served|累计售出超过 2 万杯|累計售出超過 2 萬杯|누적 2만 잔 돌파|Đã phục vụ hơn 20.000 ly|२०,००० कपभन्दा बढी बिक्री
リラックスシーンに|For a relaxing moment|享受放松时刻|享受放鬆時刻|편안한 휴식에|Cho phút giây thư giãn|आरामको पलका लागि
フランス産岩塩|French rock salt|法国岩盐|法國岩鹽|프랑스산 암염|Muối đá Pháp|फ्रान्सेली चट्टानी नुन
店内抽出|Brewed in-store|店内现萃|店內現萃|매장에서 추출|Pha tại cửa hàng|पसलमै तयार गरिएको
ひんやり濃厚、至福のひととき|A cool, rich moment of indulgence|冰凉浓郁的享受|冰涼濃郁的享受|시원하고 진한 행복의 순간|Khoảnh khắc mát lạnh, đậm đà|चिसो र गाढा स्वादको आनन्द
疲れた私を即修復|A treat after a tiring day|疲惫一天后的犒赏|疲憊一天後的犒賞|지친 하루를 위한 선물|Tự thưởng sau ngày mệt mỏi|थकित दिनपछिको मिठो उपहार
国産緑茶|Japanese green tea|日本绿茶|日本綠茶|일본산 녹차|Trà xanh Nhật|जापानी हरियो चिया
おかわり必至|A taste to come back for|让人想再来一杯|讓人想再來一杯|다시 찾고 싶은 맛|Hương vị muốn thưởng thức thêm|फेरि पिउन मन लाग्ने स्वाद
体が歓喜する香り！|An uplifting aroma|令人愉悦的香气|令人愉悅的香氣|기분 좋은 향|Hương thơm đầy hứng khởi|मन प्रसन्न बनाउने सुगन्ध
国産特選|Selected Japanese ingredients|精选日本食材|精選日本食材|엄선한 일본산 재료|Nguyên liệu Nhật tuyển chọn|चयनित जापानी सामग्री
味わいを大切に|Made with flavor in mind|用心呈现风味|用心呈現風味|맛을 소중히|Chú trọng hương vị|स्वादलाई प्राथमिकता
仕事終わりの最短ご褒美|An easy after-work treat|下班后的轻松犒赏|下班後的輕鬆犒賞|퇴근 후 간편한 선물|Tự thưởng nhanh sau giờ làm|कामपछि सजिलो मिठो उपहार
高糖度|Sweet and flavorful|香甜浓郁|香甜濃郁|높은 당도의 달콤함|Ngọt đậm vị|भरपूर गुलियो स्वाद
黒糖タピオカとミルクのコクを楽しめる定番カテゴリー。初めての方には黒糖タピオカミルクがおすすめです。|Classic drinks combining brown sugar tapioca and rich milk. Try our brown sugar tapioca milk for your first visit.|黑糖珍珠与醇厚牛奶的经典组合。初次到店推荐黑糖珍珠牛奶。|黑糖珍珠與醇厚鮮奶的經典組合。初次到店推薦黑糖珍珠鮮奶。|흑당 타피오카와 우유의 진한 맛을 즐기는 기본 메뉴입니다. 처음이라면 흑당 타피오카 밀크를 추천합니다.|Kết hợp kinh điển giữa trân châu đường đen và sữa béo ngậy. Lần đầu ghé quán, hãy thử sữa trân châu đường đen.|ब्राउन सुगर टापिओका र गाढा दूधको लोकप्रिय संयोजन। पहिलो पटक आउँदा ब्राउन सुगर टापिओका मिल्क रोज्नुहोस्।
ひんやり濃厚なデザート感覚のタピオカドリンク。オレオ、抹茶、黒ごま、バナナなど甘い一杯を楽しみたい方におすすめです。|Cool, rich tapioca drinks with a dessert-like taste. Choose Oreo, matcha, black sesame or banana for a sweet treat.|冰凉浓郁、宛如甜点的珍珠饮品。喜欢甜蜜滋味的您可选择奥利奥、抹茶、黑芝麻或香蕉口味。|冰涼濃郁、宛如甜點的珍珠飲品。喜歡甜蜜滋味的您可選擇 Oreo、抹茶、黑芝麻或香蕉口味。|디저트처럼 시원하고 진한 타피오카 음료입니다. 오레오, 말차, 흑임자, 바나나 등 달콤한 맛을 즐겨 보세요.|Đồ uống trân châu mát lạnh, đậm đà như món tráng miệng. Thử vị Oreo, matcha, mè đen hoặc chuối nếu thích ngọt.|डेजर्टजस्तै चिसो र गाढा टापिओका पेय। मिठो स्वादका लागि Oreo, माचा, कालो तिल वा केरा छान्नुहोस्।
店内抽出のお茶に特製チーズフォームを合わせたシリーズ。甘さ控えめでも満足感のある味わいです。|Fresh-brewed tea topped with our special cheese foam, with a satisfying flavor even at lower sweetness.|店内现萃茶搭配特制奶酪奶盖，减少甜度也能享受浓郁滋味。|店內現萃茶搭配特製起司奶蓋，減少甜度也能享受濃郁滋味。|매장에서 우린 차와 특제 치즈 폼의 조합입니다. 덜 달게 해도 풍부한 맛을 즐길 수 있습니다.|Trà pha tại cửa hàng cùng kem phô mai đặc biệt, đậm đà ngay cả khi chọn ít ngọt.|पसलमै बनाइएको चियामाथि विशेष चीज फोम। कम गुलियोमा पनि सन्तोषजनक स्वाद।
アッサム紅茶、ジャスミン茶、緑茶、ほうじ茶、八女抹茶など、お茶の香りを主役にしたタピオカメニューです。|Tapioca drinks highlighting the aromas of Assam, jasmine, green tea, hojicha and Yame matcha.|以阿萨姆红茶、茉莉茶、绿茶、焙茶和八女抹茶等茶香为主角的珍珠饮品。|以阿薩姆紅茶、茉莉茶、綠茶、焙茶和八女抹茶等茶香為主角的珍珠飲品。|아삼 홍차, 자스민차, 녹차, 호지차, 야메 말차 등 차의 향이 돋보이는 타피오카 메뉴입니다.|Đồ uống trân châu tôn hương trà Assam, trà lài, trà xanh, hojicha và matcha Yame.|असम, चमेली, हरियो चिया, होजिचा र यामे माचाको सुगन्धलाई मुख्य बनाइएका टापिओका पेय।
こちらの商品にはタピオカは入っていません。お好みでカスタマイズできます。|These items do not contain tapioca pearls by default. Customize them with the available options.|此系列默认不含珍珠，可选择商品提供的选项进行定制。|此系列預設不含珍珠，可選擇商品提供的選項調整。|이 상품에는 기본으로 타피오카가 들어 있지 않습니다. 제공되는 옵션으로 취향에 맞게 선택할 수 있습니다.|Các món này mặc định không có trân châu. Bạn có thể tùy chỉnh bằng các tùy chọn có sẵn.|यी वस्तुमा सामान्यतया टापिओका हुँदैन। उपलब्ध विकल्पबाट आफ्नो रोजाइअनुसार छान्न सकिन्छ।
コーヒーの香りともちもちタピオカを合わせた、甘いドリンクが苦手な方にも選びやすいカテゴリーです。|Aromatic coffee with chewy tapioca pearls, a good choice for those who prefer less-sweet drinks.|香醇咖啡搭配软糯珍珠，也适合不喜欢太甜饮品的您。|香醇咖啡搭配軟Q珍珠，也適合不喜歡太甜飲品的您。|향긋한 커피와 쫀득한 타피오카의 조합으로, 단 음료를 좋아하지 않는 분도 고르기 좋습니다.|Cà phê thơm cùng trân châu dẻo dai, phù hợp cả với người không thích đồ uống quá ngọt.|सुगन्धित कफी र चपाउन मिल्ने टापिओका, कम गुलियो पेय मन पराउनेका लागि पनि राम्रो रोजाइ।
